order_id,customer_id,product_id,quantity,unit_price,discount_pct,status,currency,channel,customer_email,order_date,updated_at
ORD-00004719,CUST-000349,SKU-00065,5,302.08,0,shipped,USD,retail_store,user80@example.com,2026-08-22,2026-08-22 13:12:00
ORD-00004720,CUST-000241,SKU-00196,2,750.2,0,delivered,USD,mobile_app,user75@example.com,2026-08-22,2026-08-22 03:54:00
ORD-00004721,CUST-000068,SKU-00166,3,1022.15,0,delivered,INR,retail_store,user99@example.com,2026-08-22,2026-08-22 16:05:00
ORD-00004722,CUST-000132,SKU-00114,1,1375.81,0,confirmed,USD,web,user339@example.com,2026-08-22,2026-08-22 05:37:00
ORD-00004723,CUST-000374,SKU-00144,6,814.35,0,pending,INR,mobile_app,user87@example.com,2026-08-22,2026-08-22 15:06:00
ORD-00004724,CUST-000107,SKU-00189,1,453.24,0,confirmed,USD,retail_store,user375@example.com,2026-08-22,2026-08-22 06:43:00
ORD-00004725,CUST-000034,SKU-00179,5,1494.37,5,cancelled,INR,web,user458@example.com,2026-08-22,2026-08-22 12:14:00
BADORDER7,CUST-000134,SKU-00115,4,1141.47,15,confirmed,USD,marketplace,user444@example.com,2026-08-22,2026-08-22 06:15:00
ORD-00004727,CUST-000056,SKU-00125,3,490.88,20,shipped,INR,mobile_app,user353@example.com,2026-08-22,2026-08-22 21:09:00
ORD-00004728,CUST-000277,SKU-00035,1,601.91,10,cancelled,INR,marketplace,user175@example.com,2026-08-22,2026-08-22 17:44:00
ORD-00004729,CUST-000263,SKU-00078,1,267.2,0,shipped,INR,retail_store,user294@example.com,2026-08-22,2026-08-22 21:06:00
ORD-00004730,CUST-000091,SKU-00095,2,645.41,0,delivered,Dollars,marketplace,user165@example.com,2026-08-22,2026-08-22 07:46:00
ORD-00004731,CUST-000103,SKU-00056,7,513.36,10,cancelled,USD,mobile_app,user213@example.com,2026-08-22,2026-08-22 14:44:00
ORD-00004732,CUST-000042,SKU-00111,5,1274.26,0,shipped,USD,marketplace,user124@example.com,2026-08-22,2026-08-22 07:28:00
ORD-00004733,CUST-000343,SKU-00178,1,730.28,20,confirmed,USD,mobile_app,user256@example.com,2026-08-22,2026-08-22 22:16:00
ORD-00004734,CUST-000311,SKU-00193,8,14.06,20,shipped,USD,web,user90@example.com,2026-08-22,2026-08-22 03:29:00
ORD-00004735,CUST-000340,SKU-00176,5,1285.55,5,delivered,USD,phone,user219@example.com,2026-08-22,2026-08-22 14:09:00
ORD-00004736,CUST-000284,SKU-00111,1,415.1,0,delivered,USD,web,user331@example.com,2026-08-22,2026-08-22 12:56:00
ORD-00004737,CUST-000454,SKU-00162,8,831.52,5,shipped,INR,phone,user198@example.com,2026-08-22,2026-08-22 22:16:00
ORD-00004738,CUST-000008,SKU-00200,8,1447.14,0,delivered,USD,marketplace,user177@example.com,2026-08-22,2026-08-22 07:56:00
ORD-00004739,CUST-000172,SKU-00084,2,683.95,20,pending,USD,web,user223@example.com,2026-08-22,2026-08-22 03:18:00
ORD-00004740,CUST-000376,SKU-00070,4,815.92,0,confirmed,GBP,mobile_app,user433@example.com,2026-08-22,2026-08-22 12:30:00
ORD-00004741,CUST-000226,SKU-00108,6,427.76,20,delivered,USD,marketplace,user46@example.com,2026-08-22,2026-08-22 08:08:00
ORD-00004742,CUST-000386,SKU-00016,6,1401.15,10,shipped,USD,web,user112@example.com,2026-08-22,2026-08-22 16:21:00
ORD-00004743,CUST-000387,SKU-00134,6,247.41,0,confirmed,EUR,mobile_app,user317@example.com,2026-08-22,2026-08-22 19:27:00
ORD-00004744,CUST-000458,SKU-00080,8,771.52,0,cancelled,INR,marketplace,user317@example.com,2026-08-22,2026-08-22 18:06:00
ORD-00004745,CUST-000239,SKU-00105,8,1324.01,0,delivered,INR,retail_store,user361@example.com,2026-08-22,2026-08-22 21:36:00
ORD-00004746,CUST-000365,SKU-00166,3,219.5,15,returned,USD,retail_store,user101@example.com,2026-08-22,2026-08-22 13:25:00
ORD-00004747,CUST-000050,SKU-00020,3,757.86,5,delivered,EUR,retail_store,user190@example.com,2026-08-22,2026-08-22 06:40:00
ORD-00004748,CUST-000171,SKU-00089,6,898.68,0,delivered,EUR,web,user218@example.com,2026-08-22,2026-08-22 21:36:00
ORD-00004749,CUST-000337,SKU-00033,6,757.81,10,shipped,USD,web,user311@example.com,2026-08-22,2026-08-22 18:46:00
ORD-00004750,CUST-000267,SKU-00086,8,1058.19,0,delivered,USD,retail_store,user298@example.com,2026-08-22,2026-08-22 06:44:00
ORD-00004751,CUST-000044,SKU-00080,5,1369.26,10,delivered,USD,web,user183@example.com,2026-08-22,2026-08-22 08:19:00
ORD-00004752,CUST-000237,SKU-00100,1,873.05,0,shipped,USD,marketplace,user254@example.com,2026-08-22,2026-08-22 08:02:00
ORD-00004753,CUST-000399,SKU-00095,5,41.7,0,delivered,INR,retail_store,user476@example.com,2026-08-22,2026-08-22 00:12:00
ORD-00004754,CUST-000237,SKU-00111,6,383.22,5,cancelled,INR,mobile_app,user26@example.com,2026-08-22,2026-08-22 14:50:00
ORD-00004755,CUST-000312,SKU-00126,8,858.95,0,confirmed,INR,phone,user15@example.com,2026-08-22,2026-08-22 12:45:00
ORD-00004756,CUST-000495,SKU-00026,6,1151.7,10,delivered,USD,mobile_app,user424@example.com,2026-08-22,2026-08-22 07:17:00
ORD-00004757,CUST-000372,SKU-00011,7,161.0,0,confirmed,INR,retail_store,user26@example.com,2026-08-22,2026-08-22 16:09:00
ORD-00004758,CUST-000301,SKU-00037,3,215.62,20,shipped,INR,mobile_app,user317@example.com,2026-08-22,2026-08-22 00:00:00
ORD-00004759,CUST-000183,SKU-00012,3,881.03,0,delivered,USD,retail_store,user132@example.com,2026-08-22,2026-08-22 21:53:00
ORD-00004760,CUST-000293,SKU-00015,8,271.32,15,shipped,USD,mobile_app,user124@example.com,2026-08-22,2026-08-22 15:32:00
ORD-00004761,CUST-000015,SKU-00065,4,1043.78,10,cancelled,USD,retail_store,user360@example.com,2026-08-22,2026-08-22 09:20:00
ORD-00004762,CUST-000145,SKU-00073,7,1392.97,0,delivered,USD,mobile_app,user422@example.com,2026-08-22,2026-08-22 07:49:00
ORD-00004763,CUST-000444,SKU-00107,5,1327.4,0,confirmed,EUR,mobile_app,user366@example.com,2026-08-22,2026-08-22 09:35:00
ORD-00004764,CUST-000287,SKU-00036,4,1189.64,0,confirmed,USD,retail_store,user407@example.com,2026-08-22,2026-08-22 01:25:00
ORD-00004765,CUST-000379,SKU-00068,5,994.93,20,delivered,USD,phone,user125@example.com,2026-08-22,2026-08-22 09:59:00
ORD-00004766,CUST-000350,SKU-00124,2,1448.06,15,delivered,EUR,mobile_app,user146@example.com,2026-08-22,2026-08-22 22:43:00
ORD-00004767,CUST-000363,SKU-00162,4,1403.45,0,cancelled,INR,retail_store,user57@example.com,2026-08-22,2026-08-22 17:46:00
ORD-00004768,CUST-000052,SKU-00161,3,1249.29,20,delivered,USD,retail_store,user344@example.com,2026-08-22,2026-08-22 00:56:00
ORD-00004769,CUST-000292,SKU-00043,7,1000.41,0,confirmed,EUR,retail_store,user326@example.com,2026-08-22,2026-08-22 21:33:00
ORD-00004770,CUST-000339,SKU-00007,2,1015.34,10,delivered,EUR,mobile_app,user474@example.com,2026-08-22,2026-08-22 07:58:00
ORD-00004771,CUST-000296,SKU-00175,4,1331.89,5,cancelled,INR,mobile_app,user409@example.com,2026-08-22,2026-08-22 21:50:00
ORD-00004772,CUST-000452,SKU-00082,6,679.0,0,delivered,USD,marketplace,user338@example.com,2026-08-22,2026-08-22 02:57:00
ORD-00004773,CUST-000349,SKU-00049,2,911.74,0,shipped,INR,mobile_app,user268@example.com,2026-08-22,2026-08-22 12:15:00
ORD-00004774,CUST-000414,SKU-00005,7,250.51,15,confirmed,INR,marketplace,user496@example.com,2026-08-22,2026-08-22 19:09:00
ORD-00004775,CUST-000244,SKU-00163,1,344.41,0,delivered,USD,web,user311@example.com,2026-08-22,2026-08-22 01:38:00
ORD-00004776,CUST-000319,SKU-00173,1,985.11,0,delivered,USD,retail_store,user316@example.com,2026-08-22,2026-08-22 07:39:00
ORD-00004777,CUST-000487,SKU-00164,6,359.45,20,cancelled,GBP,web,user197@example.com,2026-08-22,2026-08-22 22:30:00
ORD-00004778,CUST-000471,SKU-00134,4,336.51,0,shipped,EUR,marketplace,user420@example.com,2026-08-22,2026-08-22 06:48:00
ORD-00004779,CUST-000027,SKU-00046,5,814.04,15,shipped,USD,phone,user316@example.com,2026-08-22,2026-08-22 18:45:00
ORD-00004780,CUST-000286,SKU-00093,3,359.32,10,shipped,USD,mobile_app,user14@example.com,2026-08-22,2026-08-22 02:00:00
ORD-00004781,CUST-000359,SKU-00178,2,1473.14,20,delivered,INR,marketplace,user397@example.com,2026-08-22,2026-08-22 09:35:00
ORD-00004782,CUST-000073,SKU-00002,5,741.0,5,shipped,USD,phone,user439@example.com,2026-08-22,2026-08-22 14:00:00
ORD-00004783,CUST-000088,SKU-00027,4,1020.36,15,delivered,USD,phone,user314@example.com,2026-08-22,2026-08-22 01:08:00
ORD-00004784,CUST-000384,SKU-00161,6,1167.84,10,cancelled,INR,phone,user39@example.com,2026-08-22,2026-08-22 00:13:00
ORD-00004785,CUST-000141,SKU-00028,3,17.31,15,confirmed,INR,mobile_app,user261@example.com,2026-08-22,2026-08-22 02:03:00
ORD-00004786,CUST-000452,SKU-00153,3,1364.38,5,confirmed,USD,retail_store,user168@example.com,2026-08-22,2026-08-22 11:56:00
ORD-00004787,CUST-000110,SKU-00119,2,240.4,0,delivered,USD,phone,user219@example.com,2026-08-22,2026-08-22 20:47:00
ORD-00004788,CUST-000012,SKU-00047,4,318.11,0,shipped,USD,retail_store,user224@example.com,2026-08-22,2026-08-22 17:39:00
ORD-00004789,CUST-000085,SKU-00126,3,184.17,0,shipped,USD,mobile_app,user110@example.com,2026-08-22,2026-08-22 09:23:00
ORD-00004790,CUST-000328,SKU-00160,6,846.08,0,cancelled,EUR,retail_store,user82@example.com,2026-08-22,2026-08-22 02:37:00
ORD-00004791,CUST-000372,SKU-00084,3,900.11,20,delivered,INR,phone,user156@example.com,2026-08-22,2026-08-22 09:04:00
ORD-00004792,CUST-000471,SKU-00054,5,751.7,20,shipped,GBP,retail_store,user390@example.com,2026-08-22,2026-08-22 17:58:00
ORD-00004793,CUST-000214,SKU-00075,3,528.48,20,delivered,INR,marketplace,user255@example.com,2026-08-22,2026-08-22 13:26:00
ORD-00004794,CUST-000166,SKU-00174,6,1348.79,5,shipped,USD,web,user288@example.com,2026-08-22,2026-08-22 13:55:00
ORD-00004795,CUST-000027,SKU-00102,6,1412.07,5,delivered,INR,retail_store,user473@example.com,2026-08-22,2026-08-22 08:55:00
ORD-00004796,CUST-000192,SKU-00150,6,107.4,15,pending,INR,marketplace,user212@example.com,2026-08-22,2026-08-22 16:29:00
ORD-00004797,CUST-000085,SKU-00109,1,471.13,0,shipped,INR,phone,user183@example.com,2026-08-22,2026-08-22 01:54:00
ORD-00004798,CUST-000154,SKU-00177,1,1179.46,5,shipped,USD,retail_store,user113@example.com,2026-08-22,2026-08-22 16:45:00
ORD-00004799,CUST-000017,SKU-00184,3,760.76,0,confirmed,USD,retail_store,user170@example.com,2026-08-22,2026-08-22 00:54:00
ORD-00004800,CUST-000315,SKU-00041,3,49.18,0,shipped,USD,mobile_app,user288@example.com,2026-08-22,2026-08-22 00:11:00
ORD-00004801,CUST-000420,SKU-00098,5,404.06,20,confirmed,USD,mobile_app,user166@example.com,2026-08-22,2026-08-22 23:06:00
ORD-00004802,CUST-000135,SKU-00152,5,771.15,20,shipped,USD,web,user68@example.com,2026-08-22,2026-08-22 21:38:00
ORD-00004803,CUST-000386,SKU-00144,6,419.49,10,confirmed,EUR,marketplace,user115@example.com,2026-08-22,2026-08-22 20:55:00
ORD-00004804,CUST-000443,SKU-00170,4,502.59,0,delivered,INR,phone,user350@example.com,2026-08-22,2026-08-22 19:53:00
ORD-00004805,CUST-000178,SKU-00058,2,654.42,0,cancelled,INR,phone,user365@example.com,2026-08-22,2026-08-22 10:09:00
ORD-00004806,CUST-000243,SKU-00167,3,828.79,15,shipped,USD,web,user293@example.com,2026-08-22,2026-08-22 22:02:00
ORD-00004807,CUST-000255,SKU-00171,2,825.93,0,delivered,USD,web,user63@example.com,2026-08-22,2026-08-22 02:18:00
ORD-00004808,CUST-000217,SKU-00007,7,364.31,10,delivered,INR,web,user162@example.com,2026-08-22,2026-08-22 21:00:00
ORD-00004809,CUST-000385,SKU-00083,5,1011.45,10,delivered,INR,web,user317@example.com,2026-08-22,2026-08-22 20:28:00
ORD-00004810,CUST-000434,SKU-00181,5,99.9,0,delivered,USD,phone,user107@example.com,2026-08-22,2026-08-22 08:58:00
ORD-00004811,CUST-000377,SKU-00070,5,541.56,0,confirmed,INR,mobile_app,user9@example.com,2026-08-22,2026-08-22 21:32:00
BADORDER93,CUST-000449,SKU-00132,5,1221.96,0,delivered,EUR,retail_store,user165@example.com,2026-08-22,2026-08-22 08:36:00
ORD-00004813,CUST-000281,SKU-00114,1,1251.07,0,shipped,USD,marketplace,user160@example.com,2026-08-22,2026-08-22 03:21:00
ORD-00004814,CUST-000294,SKU-00053,2,912.48,5,shipped,USD,retail_store,user2@example.com,2026-08-22,2026-08-22 14:53:00
ORD-00004815,CUST-000016,SKU-00175,7,988.79,5,confirmed,INR,phone,user142@example.com,2026-08-22,2026-08-22 03:13:00
ORD-00004816,CUST-000088,SKU-00139,6,1225.88,0,delivered,INR,retail_store,user435@example.com,2026-08-22,2026-08-22 19:20:00
ORD-00004817,CUST-000187,SKU-00138,6,885.25,0,shipped,INR,retail_store,user299@example.com,2026-08-22,2026-08-22 19:54:00
ORD-00004818,CUST-000213,SKU-00154,3,1330.21,20,delivered,GBP,retail_store,user289@example.com,2026-08-22,2026-08-22 21:42:00
ORD-00004819,CUST-000223,SKU-00006,5,900.26,20,delivered,USD,retail_store,user64@example.com,2026-08-22,2026-08-22 00:00:00
ORD-00004820,CUST-000182,SKU-00020,3,1069.77,15,confirmed,EUR,marketplace,user188@example.com,2026-08-22,2026-08-22 18:45:00
ORD-00004821,CUST-000172,SKU-00200,7,878.64,5,confirmed,USD,marketplace,user451@example.com,2026-08-22,2026-08-22 06:35:00
ORD-00004822,CUST-000339,SKU-00109,6,1391.52,0,confirmed,USD,phone,user356@example.com,2026-08-22,2026-08-22 23:17:00
ORD-00004823,CUST-000277,SKU-00189,2,370.17,5,delivered,INR,web,user58@example.com,2026-08-22,2026-08-22 17:33:00
ORD-00004824,CUST-000340,SKU-00177,2,947.78,20,delivered,USD,mobile_app,user120@example.com,2026-08-22,2026-08-22 15:39:00
ORD-00004825,CUST-000480,SKU-00041,6,1317.1,0,confirmed,USD,mobile_app,user142@example.com,2026-08-22,2026-08-22 02:40:00
ORD-00004826,CUST-000239,SKU-00195,8,26.58,20,confirmed,USD,retail_store,user396@example.com,2026-08-22,2026-08-22 19:26:00
ORD-00004827,CUST-000262,SKU-00125,4,374.56,20,delivered,INR,phone,user372@example.com,2026-08-22,2026-08-22 02:12:00
ORD-00004828,CUST-000026,SKU-00130,3,265.63,0,confirmed,USD,marketplace,user266@example.com,2026-08-22,2026-08-22 09:42:00
ORD-00004829,CUST-000058,SKU-00155,-3,1293.4,5,delivered,GBP,phone,user51@example.com,2026-08-22,2026-08-22 13:56:00
ORD-00004830,CUST-000244,SKU-00029,5,882.5,20,delivered,GBP,mobile_app,user343@example.com,2026-08-22,2026-08-22 10:39:00
ORD-00004831,CUST-000401,SKU-00162,1,30.17,0,delivered,USD,marketplace,user392@example.com,2026-08-22,2026-08-22 03:31:00
ORD-00004832,CUST-000277,SKU-00200,1,1062.1,15,delivered,EUR,web,user123@example.com,2026-08-22,2026-08-22 15:31:00
ORD-00004833,CUST-000018,SKU-00058,5,320.74,0,delivered,INR,retail_store,user294@example.com,2026-08-22,2026-08-22 05:21:00
ORD-00004834,CUST-000115,SKU-00063,2,751.04,0,delivered,USD,phone,user84@example.com,2026-08-22,2026-08-22 05:03:00
ORD-00004835,CUST-000172,SKU-00040,2,945.23,10,cancelled,INR,phone,user215@example.com,2026-08-22,2026-08-22 17:23:00
ORD-00004836,CUST-000042,SKU-00024,5,610.83,5,cancelled,USD,web,user214@example.com,2026-08-22,2026-08-22 05:02:00
ORD-00004837,CUST-000422,SKU-00034,3,1417.95,0,pending,GBP,retail_store,user222@example.com,2026-08-22,2026-08-22 09:46:00
ORD-00004838,CUST-000110,SKU-00100,6,1004.39,0,delivered,Dollars,mobile_app,user455@example.com,2026-08-22,2026-08-22 23:21:00
ORD-00004839,CUST-000052,SKU-00027,1,952.42,0,shipped,EUR,retail_store,user278@example.com,2026-08-22,2026-08-22 22:56:00
ORD-00004840,CUST-000068,SKU-00145,6,48.37,0,delivered,INR,phone,user482@example.com,2026-08-22,2026-08-22 18:59:00
ORD-00004841,CUST-000343,SKU-00185,5,539.11,10,shipped,INR,mobile_app,user181@example.com,2026-08-22,2026-08-22 09:29:00
ORD-00004842,CUST-000391,SKU-00015,3,990.8,0,shipped,INR,marketplace,user65@example.com,2026-08-22,2026-08-22 21:06:00
ORD-00004843,CUST-000211,SKU-00060,8,1256.26,10,shipped,USD,marketplace,user417@example.com,2026-08-22,2026-08-22 12:20:00
ORD-00004844,CUST-000155,SKU-00067,2,1310.51,0,shipped,GBP,retail_store,user159@example.com,2026-08-22,2026-08-22 16:04:00
ORD-00004845,CUST-000082,SKU-00082,5,1110.95,0,delivered,INR,phone,user274@example.com,2026-08-22,2026-08-22 21:51:00
ORD-00004846,CUST-000163,SKU-00005,7,452.6,10,delivered,GBP,marketplace,user122@example.com,2026-08-22,2026-08-22 02:30:00
ORD-00004847,CUST-000122,SKU-00153,5,239.64,0,confirmed,USD,phone,user317@example.com,2026-08-22,2026-08-22 15:21:00
ORD-00004848,CUST-000316,SKU-00055,5,794.19,5,shipped,GBP,mobile_app,user384@example.com,2026-08-22,2026-08-22 14:47:00
ORD-00004849,CUST-000129,SKU-00039,2,1497.97,0,shipped,USD,marketplace,user497@example.com,2026-08-22,2026-08-22 00:45:00
ORD-00004850,CUST-000347,SKU-00054,4,1278.9,0,delivered,USD,retail_store,user71@example.com,2026-08-22,2026-08-22 05:14:00
ORD-00004851,CUST-000023,SKU-00114,8,1371.32,0,cancelled,INR,marketplace,user111@example.com,2026-08-22,2026-08-22 15:03:00
ORD-00004852,CUST-000121,SKU-00042,1,1285.0,0,delivered,EUR,phone,user340@example.com,2026-08-22,2026-08-22 20:35:00
ORD-00004853,CUST-000108,SKU-00058,8,1407.5,0,confirmed,EUR,phone,user175@example.com,2026-08-22,2026-08-22 16:12:00
ORD-00004854,CUST-000350,SKU-00140,8,553.63,20,delivered,EUR,mobile_app,user82@example.com,2026-08-22,2026-08-22 02:33:00
ORD-00004855,CUST-000395,SKU-00197,5,1201.75,0,delivered,INR,phone,user268@example.com,2026-08-22,2026-08-22 11:48:00
ORD-00004856,CUST-000467,SKU-00026,2,795.43,20,cancelled,INR,mobile_app,user288@example.com,2026-08-22,2026-08-22 03:31:00
ORD-00004857,CUST-000400,SKU-00165,4,433.68,0,shipped,USD,phone,user382@example.com,2026-08-22,2026-08-22 20:57:00
ORD-00004858,CUST-000416,SKU-00080,6,514.39,0,confirmed,INR,retail_store,user365@example.com,2026-08-22,2026-08-22 03:49:00
ORD-00004859,CUST-000007,SKU-00070,8,198.41,0,delivered,GBP,mobile_app,user95@example.com,2026-08-22,2026-08-22 09:09:00
ORD-00004860,CUST-000424,SKU-00161,5,1164.56,20,delivered,USD,web,user314@example.com,2026-08-22,2026-08-22 20:05:00
ORD-00004861,CUST-000193,SKU-00050,8,343.66,0,confirmed,INR,web,user337@example.com,2026-08-22,2026-08-22 16:41:00
ORD-00004862,CUST-000088,SKU-00079,8,1149.23,0,shipped,USD,phone,user378@example.com,2026-08-22,2026-08-22 00:59:00
ORD-00004863,CUST-000070,SKU-00022,8,185.3,0,shipped,INR,phone,user483@example.com,2026-08-22,2026-08-22 18:27:00
BADORDER145,CUST-000156,SKU-00029,2,82.38,10,returned,GBP,mobile_app,user242@example.com,2026-08-22,2026-08-22 05:17:00
ORD-00004865,CUST-000185,SKU-00046,5,979.97,0,shipped,INR,web,user183@example.com,2026-08-22,2026-08-22 04:52:00
ORD-00004866,CUST-000479,SKU-00199,4,135.21,10,shipped,INR,marketplace,user55@example.com,2026-08-22,2026-08-22 13:25:00
ORD-00004867,CUST-000029,SKU-00028,6,1282.87,10,pending,USD,marketplace,user499@example.com,2026-08-22,2026-08-22 00:48:00
ORD-00004868,CUST-000200,SKU-00016,3,704.42,0,delivered,USD,web,user200@example.com,2026-08-22,2026-08-22 04:21:00
ORD-00004869,CUST-000013,SKU-00009,8,556.9,0,confirmed,GBP,phone,user179@example.com,2026-08-22,2026-08-22 15:55:00
ORD-00004870,CUST-000399,SKU-00122,5,364.82,15,confirmed,USD,retail_store,user498@example.com,2026-08-22,2026-08-22 20:52:00
ORD-00004871,CUST-000280,SKU-00069,2,1119.67,20,cancelled,INR,retail_store,user117@example.com,2026-08-22,2026-08-22 01:59:00
ORD-00004872,CUST-000304,SKU-00020,3,167.88,10,confirmed,USD,retail_store,user498@example.com,2026-08-22,2026-08-22 04:21:00
ORD-00004873,CUST-000306,SKU-00170,2,147.31,10,cancelled,INR,mobile_app,user489@example.com,2026-08-22,2026-08-22 23:05:00
ORD-00004874,CUST-000079,SKU-00060,1,238.11,5,pending,USD,retail_store,user345@example.com,2026-08-22,2026-08-22 09:35:00
ORD-00004875,CUST-000082,SKU-00040,3,1017.32,10,confirmed,USD,retail_store,user173@example.com,2026-08-22,2026-08-22 22:43:00
ORD-00004876,CUST-000114,SKU-00020,5,745.51,5,delivered,USD,marketplace,user461@example.com,2026-08-22,2026-08-22 19:53:00
ORD-00004877,CUST-000174,SKU-00058,1,315.8,0,returned,EUR,marketplace,user82@example.com,2026-08-22,2026-08-22 06:28:00
ORD-00004878,CUST-000131,SKU-00112,3,1482.35,5,shipped,USD,mobile_app,user86@example.com,2026-08-22,2026-08-22 13:58:00
ORD-00004879,CUST-000253,SKU-00078,8,589.64,15,shipped,USD,marketplace,user385@example.com,2026-08-22,2026-08-22 10:10:00
ORD-00004880,CUST-000388,SKU-00044,3,447.01,15,pending,INR,retail_store,user134@example.com,2026-08-22,2026-08-22 04:23:00
ORD-00004881,CUST-000273,SKU-00014,5,909.6,5,shipped,USD,phone,user432@example.com,2026-08-22,2026-08-22 20:59:00
ORD-00004882,CUST-000332,SKU-00049,7,67.68,0,delivered,GBP,phone,user249@example.com,2026-08-22,2026-08-22 07:04:00
ORD-00004883,CUST-000063,SKU-00090,2,646.87,5,delivered,USD,phone,user309@example.com,2026-08-22,2026-08-22 11:11:00
ORD-00004884,CUST-000380,SKU-00164,2,151.03,15,cancelled,USD,mobile_app,user131@example.com,2026-08-22,2026-08-22 00:05:00
ORD-00004885,CUST-000380,SKU-00067,6,42.19,0,delivered,USD,web,user361@example.com,2026-08-22,2026-08-22 16:26:00
ORD-00004886,CUST-000263,SKU-00062,1,800.59,0,delivered,INR,marketplace,user258@example.com,2026-08-22,2026-08-22 20:14:00
ORD-00004887,CUST-000135,SKU-00163,-3,397.2,10,shipped,INR,retail_store,user295@example.com,2026-08-22,2026-08-22 18:49:00
ORD-00004888,CUST-000179,SKU-00188,8,395.83,0,cancelled,INR,web,user375@example.com,2026-08-22,2026-08-22 09:13:00
ORD-00004889,CUST-000409,SKU-00123,7,799.05,0,shipped,USD,retail_store,user454@example.com,2026-08-22,2026-08-22 21:33:00
ORD-00004890,CUST-000355,SKU-00116,6,100.1,10,delivered,GBP,retail_store,user475@example.com,2026-08-22,2026-08-22 05:48:00
ORD-00004891,CUST-000389,SKU-00131,6,354.99,0,shipped,USD,retail_store,user494@example.com,2026-08-22,2026-08-22 14:33:00
ORD-00004892,CUST-000056,SKU-00155,5,564.71,0,delivered,GBP,marketplace,user212@example.com,2026-08-22,2026-08-22 15:04:00
ORD-00004893,CUST-000088,SKU-00056,3,700.53,5,delivered,USD,web,user371@example.com,2026-08-22,2026-08-22 04:46:00
ORD-00004894,CUST-000329,SKU-00099,6,1303.74,0,shipped,GBP,phone,user434@example.com,2026-08-22,2026-08-22 15:22:00
ORD-00004895,CUST-000105,SKU-00047,8,90.94,0,delivered,USD,web,user114@example.com,2026-08-22,2026-08-22 21:40:00
ORD-00004896,CUST-000160,SKU-00105,1,105.13,0,delivered,USD,retail_store,user81@example.com,2026-08-22,2026-08-22 22:36:00
ORD-00004897,CUST-000030,SKU-00055,5,113.9,5,shipped,INR,web,user199@example.com,2026-08-22,2026-08-22 18:49:00
ORD-00004898,CUST-000374,SKU-00198,4,237.31,20,delivered,GBP,marketplace,user21@example.com,2026-08-22,2026-08-22 02:05:00
ORD-00004899,CUST-000098,SKU-00009,8,123.8,20,confirmed,INR,web,user317@example.com,2026-08-22,2026-08-22 14:06:00
ORD-00004900,CUST-000235,SKU-00152,5,622.87,0,delivered,USD,mobile_app,user244@example.com,2026-08-22,2026-08-22 06:40:00
ORD-00004901,CUST-000411,SKU-00147,2,1462.26,20,confirmed,USD,mobile_app,user252@example.com,2026-08-22,2026-08-22 09:26:00
ORD-00004902,CUST-000009,SKU-00103,1,133.83,15,delivered,INR,retail_store,user241@example.com,2026-08-22,2026-08-22 09:03:00
ORD-00004903,CUST-000237,SKU-00015,1,894.85,0,delivered,USD,retail_store,user196@example.com,2026-08-22,2026-08-22 23:55:00
ORD-00004904,CUST-000194,SKU-00025,2,819.91,0,delivered,USD,mobile_app,user416@example.com,2026-08-22,2026-08-22 14:02:00
ORD-00004905,CUST-000425,SKU-00006,1,753.44,0,pending,USD,mobile_app,user68@example.com,2026-08-22,2026-08-22 23:07:00
ORD-00004906,CUST-000287,SKU-00056,3,1055.74,20,returned,INR,marketplace,user50@example.com,2026-08-22,2026-08-22 23:02:00
ORD-00004907,CUST-000427,SKU-00020,2,1384.67,20,cancelled,INR,web,user376@example.com,2026-08-22,2026-08-22 12:36:00
ORD-00004908,CUST-000372,SKU-00151,4,1186.24,0,pending,USD,retail_store,user224@example.com,2026-08-22,2026-08-22 19:33:00
ORD-00004909,CUST-000021,SKU-00029,8,1265.89,0,delivered,USD,retail_store,user118@example.com,2026-08-22,2026-08-22 05:35:00
ORD-00004910,CUST-000186,SKU-00029,3,1117.58,10,shipped,INR,phone,user480@example.com,2026-08-22,2026-08-22 10:32:00
ORD-00004911,CUST-000229,SKU-00038,7,189.34,0,confirmed,GBP,web,user445@example.com,2026-08-22,2026-08-22 04:52:00
ORD-00004912,CUST-000155,SKU-00153,6,385.75,5,shipped,USD,mobile_app,user362@example.com,2026-08-22,2026-08-22 08:59:00
ORD-00004913,CUST-000043,SKU-00133,3,1352.37,15,cancelled,USD,marketplace,user427@example.com,2026-08-22,2026-08-22 08:40:00
ORD-00004914,CUST-000239,SKU-00089,1,502.35,10,delivered,USD,mobile_app,user151@example.com,2026-08-22,2026-08-22 04:16:00
ORD-00004915,CUST-000126,SKU-00096,3,633.04,0,confirmed,INR,marketplace,user148@example.com,2026-08-22,2026-08-22 16:28:00
ORD-00004916,CUST-000433,SKU-00176,8,1414.99,0,confirmed,USD,retail_store,user47@example.com,2026-08-22,2026-08-22 22:13:00
ORD-00004917,CUST-000055,SKU-00200,3,29.4,10,shipped,USD,retail_store,user144@example.com,2026-08-22,2026-08-22 09:33:00
ORD-00004918,CUST-000382,SKU-00126,3,273.41,10,pending,EUR,phone,user32@example.com,2026-08-22,2026-08-22 01:58:00
ORD-00004919,CUST-000118,SKU-00009,5,921.31,15,delivered,USD,retail_store,user444@example.com,2026-08-22,2026-08-22 14:48:00
ORD-00004920,CUST-000194,SKU-00009,7,268.55,15,confirmed,INR,phone,user435@example.com,2026-08-22,2026-08-22 13:41:00
ORD-00004921,CUST-000307,SKU-00018,5,1267.76,15,pending,INR,retail_store,user63@example.com,2026-08-22,2026-08-22 13:19:00
ORD-00004922,CUST-000426,SKU-00083,6,1298.45,15,delivered,USD,marketplace,user466@example.com,2026-08-22,2026-08-22 13:22:00
ORD-00004923,CUST-000485,SKU-00031,8,697.03,0,delivered,EUR,retail_store,user57@example.com,2026-08-22,2026-08-22 11:12:00
ORD-00004924,CUST-000258,SKU-00192,5,257.63,10,confirmed,GBP,phone,user466@example.com,2026-08-22,2026-08-22 14:49:00
ORD-00004925,CUST-000401,SKU-00199,4,225.86,0,delivered,INR,retail_store,user492@example.com,2026-08-22,2026-08-22 10:16:00
ORD-00004926,CUST-000441,SKU-00079,5,199.11,20,delivered,INR,retail_store,user353@example.com,2026-08-22,2026-08-22 09:21:00
ORD-00004927,CUST-000097,SKU-00187,5,974.28,0,delivered,USD,web,user436@example.com,2026-08-22,2026-08-22 09:14:00
ORD-00004928,CUST-000388,SKU-00145,7,628.25,0,shipped,EUR,phone,user284@example.com,2026-08-22,2026-08-22 05:13:00
ORD-00004929,CUST-000157,SKU-00086,3,1470.49,15,confirmed,USD,retail_store,user264@example.com,2026-08-22,2026-08-22 05:08:00
ORD-00004930,CUST-000395,SKU-00124,7,1225.42,15,shipped,INR,mobile_app,user341@example.com,2026-08-22,2026-08-22 00:50:00
ORD-00004931,CUST-000315,SKU-00141,4,1263.18,0,confirmed,USD,retail_store,user328@example.com,2026-08-22,2026-08-22 12:04:00
ORD-00004932,CUST-000345,SKU-00117,2,1351.09,5,returned,USD,marketplace,user449@example.com,2026-08-22,2026-08-22 02:07:00
ORD-00004933,CUST-000396,SKU-00136,2,539.35,0,delivered,GBP,mobile_app,user36@example.com,2026-08-22,2026-08-22 11:15:00
ORD-00004934,CUST-000038,SKU-00029,5,247.4,0,delivered,GBP,retail_store,user173@example.com,2026-08-22,2026-08-22 01:36:00
ORD-00004935,CUST-000460,SKU-00154,2,569.55,5,delivered,USD,marketplace,user455@example.com,2026-08-22,2026-08-22 14:52:00
ORD-00004936,CUST-000411,SKU-00095,3,188.18,0,pending,EUR,phone,user425@example.com,2026-08-22,2026-08-22 02:03:00
ORD-00004937,CUST-000438,SKU-00068,1,969.54,0,confirmed,USD,retail_store,user250@example.com,2026-08-22,2026-08-22 07:08:00
ORD-00004938,,SKU-00102,1,1018.58,10,shipped,USD,retail_store,user322@example.com,2026-08-22,2026-08-22 06:35:00
ORD-00004939,CUST-000270,SKU-00045,1,1252.65,5,delivered,EUR,retail_store,user415@example.com,2026-08-22,2026-08-22 14:26:00
BADORDER221,CUST-000052,SKU-00023,4,1044.9,0,confirmed,INR,retail_store,user174@example.com,2026-08-22,2026-08-22 07:55:00
ORD-00004941,CUST-000142,SKU-00028,8,1488.81,0,delivered,EUR,retail_store,user370@example.com,2026-08-22,2026-08-22 09:08:00
ORD-00004942,CUST-000193,SKU-00172,4,53.86,20,shipped,USD,web,user145@example.com,2026-08-22,2026-08-22 06:32:00
ORD-00004943,CUST-000373,SKU-00130,4,1251.92,20,delivered,USD,marketplace,user363@example.com,2026-08-22,2026-08-22 23:08:00
ORD-00004944,CUST-000447,SKU-00014,6,1363.15,0,delivered,INR,marketplace,user127@example.com,2026-08-22,2026-08-22 17:50:00
ORD-00004945,CUST-000173,SKU-00035,5,736.95,20,delivered,INR,mobile_app,user334@example.com,2026-08-22,2026-08-22 09:21:00
ORD-00004946,CUST-000285,SKU-00151,8,1369.44,10,confirmed,EUR,marketplace,user175@example.com,2026-08-22,2026-08-22 11:44:00
ORD-00004947,CUST-000334,SKU-00072,5,47.36,0,confirmed,USD,marketplace,user326@example.com,2026-08-22,2026-08-22 18:39:00
ORD-00004948,CUST-000390,SKU-00122,7,184.73,5,delivered,GBP,marketplace,user107@example.com,2026-08-22,2026-08-22 18:47:00
ORD-00004949,CUST-000226,SKU-00181,1,1084.18,10,delivered,USD,mobile_app,user500@example.com,2026-08-22,2026-08-22 23:27:00
ORD-00004950,CUST-000111,SKU-00061,3,1275.58,10,shipped,USD,web,user17@example.com,2026-08-22,2026-08-22 23:42:00
ORD-00004951,CUST-000378,SKU-00090,3,984.3,0,delivered,GBP,mobile_app,user444@example.com,2026-08-22,2026-08-22 20:23:00
ORD-00004952,CUST-000233,SKU-00125,7,1042.24,15,delivered,USD,marketplace,user81@example.com,2026-08-22,2026-08-22 09:23:00
ORD-00004953,CUST-000063,SKU-00057,8,1211.6,0,delivered,USD,retail_store,user180@example.com,2026-08-22,2026-08-22 03:31:00
ORD-00004954,CUST-000187,SKU-00143,4,1003.22,0,shipped,GBP,phone,user324@example.com,2026-08-22,2026-08-22 05:07:00
ORD-00004955,CUST-000220,SKU-00149,6,137.12,0,shipped,INR,phone,user244@example.com,2026-08-22,2026-08-22 02:29:00
ORD-00004956,CUST-000487,SKU-00176,2,352.62,10,confirmed,GBP,phone,user349@example.com,2026-08-22,2026-08-22 18:05:00
ORD-00004957,CUST-000402,SKU-00072,1,1371.66,10,delivered,INR,mobile_app,user170@example.com,2026-08-22,2026-08-22 13:10:00
ORD-00004958,CUST-000218,SKU-00072,8,325.68,0,delivered,USD,web,user221@example.com,2026-08-22,2026-08-22 02:49:00
ORD-00004959,CUST-000307,SKU-00158,3,8.29,0,cancelled,USD,phone,user339@example.com,2026-08-22,2026-08-22 23:45:00
ORD-00004960,CUST-000079,SKU-00171,8,841.07,15,shipped,USD,marketplace,user114@example.com,2026-08-22,2026-08-22 12:42:00
ORD-00004961,CUST-000025,SKU-00178,8,1186.96,10,shipped,EUR,marketplace,user19@example.com,2026-08-22,2026-08-22 12:24:00
ORD-00004962,CUST-000329,SKU-00033,2,1028.63,15,delivered,EUR,retail_store,user266@example.com,2026-08-22,2026-08-22 10:36:00
ORD-00004963,CUST-000216,SKU-00074,5,442.63,20,delivered,USD,web,user45@example.com,2026-08-22,2026-08-22 10:24:00
ORD-00004964,CUST-000015,SKU-00044,6,473.77,5,delivered,USD,phone,user22@example.com,2026-08-22,2026-08-22 12:45:00
ORD-00004965,CUST-000385,SKU-00105,1,1075.92,0,confirmed,INR,web,user282@example.com,2026-08-22,2026-08-22 10:55:00
ORD-00004966,CUST-000338,SKU-00023,3,223.76,5,delivered,USD,mobile_app,user356@example.com,2026-08-22,2026-08-22 01:53:00
ORD-00004967,CUST-000124,SKU-00159,8,1104.14,10,cancelled,USD,marketplace,user262@example.com,2026-08-22,2026-08-22 09:43:00
ORD-00004968,CUST-000158,SKU-00051,6,1430.22,0,pending,INR,marketplace,user418@example.com,2026-08-22,2026-08-22 21:48:00
ORD-00004969,CUST-000241,SKU-00075,8,1109.23,0,delivered,USD,retail_store,user421@example.com,2026-08-22,2026-08-22 23:52:00
ORD-00004970,CUST-000257,SKU-00054,6,1302.78,0,shipped,USD,mobile_app,user454@example.com,2026-08-22,2026-08-22 11:14:00
ORD-00004971,CUST-000101,SKU-00011,4,1061.04,0,shipped,USD,phone,user417@example.com,2026-08-22,2026-08-22 12:25:00
ORD-00004972,CUST-000030,SKU-00048,1,684.2,20,cancelled,USD,retail_store,user369@example.com,2026-08-22,2026-08-22 12:27:00
ORD-00004973,CUST-000198,SKU-00148,7,74.56,15,delivered,USD,marketplace,user365@example.com,2026-08-22,2026-08-22 04:27:00
ORD-00004974,CUST-000216,SKU-00132,2,1423.27,10,shipped,USD,mobile_app,user70@example.com,2026-08-22,2026-08-22 12:48:00
ORD-00004975,CUST-000444,SKU-00028,5,748.71,15,delivered,USD,marketplace,user8@example.com,2026-08-22,2026-08-22 21:48:00
ORD-00004976,CUST-000224,SKU-00134,5,299.68,0,delivered,USD,phone,user404@example.com,2026-08-22,2026-08-22 12:03:00
ORD-00004977,CUST-000035,SKU-00142,1,15.98,15,delivered,USD,phone,user250@example.com,2026-08-22,2026-08-22 03:24:00
ORD-00004978,CUST-000283,SKU-00032,4,800.49,10,confirmed,INR,mobile_app,user245@example.com,2026-08-22,2026-08-22 02:36:00
ORD-00004979,CUST-000295,SKU-00057,0,762.88,10,delivered,USD,phone,user274@example.com,2026-08-22,2026-08-22 15:56:00
ORD-00004980,CUST-000171,SKU-00001,3,151.72,0,delivered,EUR,retail_store,user378@example.com,2026-08-22,2026-08-22 11:29:00
ORD-00004981,CUST-000053,SKU-00131,7,1118.75,0,cancelled,USD,retail_store,user351@example.com,2026-08-22,2026-08-22 10:47:00
ORD-00004982,CUST-000068,SKU-00079,3,196.2,10,delivered,USD,phone,user315@example.com,2026-08-22,2026-08-22 07:10:00
ORD-00004983,CUST-000427,SKU-00104,2,1361.21,20,shipped,INR,web,user250@example.com,2026-08-22,2026-08-22 15:12:00
ORD-00004984,CUST-000434,SKU-00158,2,315.69,20,delivered,EUR,phone,user126@example.com,2026-08-22,2026-08-22 03:15:00
ORD-00004985,CUST-000498,SKU-00191,6,213.33,5,delivered,USD,mobile_app,user402@example.com,2026-08-22,2026-08-22 11:21:00
ORD-00004986,CUST-000217,SKU-00169,4,1429.06,0,confirmed,GBP,mobile_app,user165@example.com,2026-08-22,2026-08-22 13:48:00
ORD-00004987,CUST-000173,SKU-00029,7,942.05,5,confirmed,USD,mobile_app,user241@example.com,2026-08-22,2026-08-22 03:49:00
ORD-00004988,CUST-000355,SKU-00050,6,383.73,5,confirmed,USD,mobile_app,user148@example.com,2026-08-22,2026-08-22 03:14:00
ORD-00004989,CUST-000104,SKU-00073,6,43.05,5,pending,USD,phone,user213@example.com,2026-08-22,2026-08-22 20:32:00
ORD-00004990,CUST-000155,SKU-00166,8,494.04,15,shipped,INR,marketplace,user363@example.com,2026-08-22,2026-08-22 08:34:00
ORD-00004991,CUST-000434,SKU-00126,3,179.43,0,delivered,INR,mobile_app,user55@example.com,2026-08-22,2026-08-22 04:57:00
ORD-00004992,,SKU-00140,6,1359.0,5,cancelled,USD,web,user461@example.com,2026-08-22,2026-08-22 11:03:00
ORD-00004993,CUST-000175,SKU-00017,4,1156.14,0,shipped,INR,marketplace,user28@example.com,2026-08-22,2026-08-22 17:45:00
ORD-00004994,CUST-000215,SKU-00159,7,490.24,10,cancelled,INR,mobile_app,user280@example.com,2026-08-22,2026-08-22 15:50:00
ORD-00004995,CUST-000453,SKU-00126,5,445.39,0,confirmed,USD,marketplace,user382@example.com,2026-08-22,2026-08-22 07:41:00
ORD-00004996,CUST-000426,SKU-00023,4,401.32,0,shipped,INR,mobile_app,user313@example.com,2026-08-22,2026-08-22 23:46:00
ORD-00004997,CUST-000196,SKU-00094,8,637.0,5,delivered,EUR,web,user449@example.com,2026-08-22,2026-08-22 13:52:00
ORD-00004998,CUST-000444,SKU-00061,8,950.61,10,confirmed,EUR,retail_store,user438@example.com,2026-08-22,2026-08-22 21:31:00
ORD-00004999,CUST-000434,SKU-00025,8,389.84,0,delivered,GBP,phone,user129@example.com,2026-08-22,2026-08-22 06:37:00
ORD-00005000,CUST-000384,SKU-00198,8,1353.8,20,confirmed,USD,web,user462@example.com,2026-08-22,2026-08-22 00:13:00
ORD-00005001,CUST-000377,SKU-00063,5,60.48,0,delivered,INR,retail_store,user377@example.com,2026-08-22,2026-08-22 21:07:00
ORD-00005002,CUST-000374,SKU-00035,8,303.56,20,cancelled,USD,web,user341@example.com,2026-08-22,2026-08-22 00:27:00
ORD-00005003,CUST-000462,SKU-00112,7,596.69,15,shipped,GBP,phone,user478@example.com,2026-08-22,2026-08-22 08:30:00
ORD-00005004,CUST-000329,SKU-00160,8,1076.49,5,delivered,INR,marketplace,user180@example.com,2026-08-22,2026-08-22 16:40:00
ORD-00005005,CUST-000451,SKU-00092,8,931.87,5,delivered,USD,web,user150@example.com,2026-08-22,2026-08-22 19:05:00
ORD-00005006,CUST-000309,SKU-00076,8,1376.73,5,confirmed,GBP,web,user477@example.com,2026-08-22,2026-08-22 12:37:00
ORD-00005007,CUST-000327,SKU-00184,3,1201.48,10,delivered,USD,phone,user441@example.com,2026-08-22,2026-08-22 20:54:00
ORD-00005008,CUST-000391,SKU-00127,4,1422.8,15,delivered,USD,phone,user439@example.com,2026-08-22,2026-08-22 13:34:00
ORD-00005009,CUST-000011,SKU-00059,5,225.98,0,cancelled,EUR,marketplace,user31@example.com,2026-08-22,2026-08-22 20:14:00
ORD-00005010,CUST-000469,SKU-00036,1,1318.32,0,confirmed,USD,mobile_app,user21@example.com,2026-08-22,2026-08-22 23:28:00
ORD-00005011,CUST-000049,SKU-00058,7,565.89,0,shipped,GBP,marketplace,user308@example.com,2026-08-22,2026-08-22 11:30:00
ORD-00005012,CUST-000365,SKU-00162,7,87.14,20,delivered,GBP,web,user16@example.com,2026-08-22,2026-08-22 17:17:00
ORD-00005013,CUST-000303,SKU-00123,3,1134.71,0,shipped,USD,phone,user490@example.com,2026-08-22,2026-08-22 13:34:00
ORD-00005014,CUST-000074,SKU-00178,8,602.46,20,delivered,USD,retail_store,user78@example.com,2026-08-22,2026-08-22 03:40:00
ORD-00005015,CUST-000324,SKU-00083,4,508.23,5,delivered,EUR,mobile_app,user436@example.com,2026-08-22,2026-08-22 03:22:00
ORD-00005016,CUST-000470,SKU-00132,4,1402.28,15,confirmed,GBP,phone,user422@example.com,2026-08-22,2026-08-22 20:36:00
BADORDER298,CUST-000477,SKU-00017,6,373.58,0,delivered,EUR,web,user267@example.com,2026-08-22,2026-08-22 10:36:00
ORD-00005018,CUST-000498,SKU-00200,1,473.22,0,delivered,USD,retail_store,user17@example.com,2026-08-22,2026-08-22 06:25:00
ORD-00005019,CUST-000125,SKU-00126,5,281.52,15,confirmed,USD,marketplace,user419@example.com,2026-08-22,2026-08-22 20:09:00
ORD-00005020,CUST-000453,SKU-00161,5,101.41,5,confirmed,INR,retail_store,user447@example.com,2026-08-22,2026-08-22 12:10:00
ORD-00005021,CUST-000402,SKU-00121,2,1141.39,10,delivered,INR,marketplace,user373@example.com,2026-08-22,2026-08-22 04:41:00
ORD-00005022,CUST-000418,SKU-00027,3,155.03,5,confirmed,GBP,phone,user393@example.com,2026-08-22,2026-08-22 04:05:00
ORD-00005023,CUST-000463,SKU-00123,6,1340.93,20,shipped,USD,retail_store,user351@example.com,2026-08-22,2026-08-22 18:26:00
ORD-00005024,CUST-000074,SKU-00071,4,127.62,15,confirmed,GBP,marketplace,user301@example.com,2026-08-22,2026-08-22 12:52:00
ORD-00005025,CUST-000215,SKU-00179,2,936.5,15,returned,USD,phone,user203@example.com,2026-08-22,2026-08-22 12:10:00
ORD-00005026,CUST-000180,SKU-00124,8,145.12,0,returned,USD,phone,user462@example.com,2026-08-22,2026-08-22 22:27:00
ORD-00005027,CUST-000395,SKU-00055,7,251.06,5,delivered,INR,retail_store,user237@example.com,2026-08-22,2026-08-22 03:43:00
ORD-00005028,CUST-000034,SKU-00148,8,191.48,10,delivered,USD,phone,user404@example.com,2026-08-22,2026-08-22 02:31:00
ORD-00005029,CUST-000245,SKU-00001,7,1084.2,15,delivered,EUR,web,user1@example.com,2026-08-22,2026-08-22 04:10:00
ORD-00005030,CUST-000218,SKU-00199,8,869.51,0,delivered,USD,mobile_app,user227@example.com,2026-08-22,2026-08-22 16:54:00
ORD-00005031,CUST-000001,SKU-00180,5,1423.91,0,confirmed,INR,phone,user327@example.com,2026-08-22,2026-08-22 01:26:00
BADORDER313,CUST-000488,SKU-00088,5,640.06,20,delivered,INR,web,user338@example.com,2026-08-22,2026-08-22 17:26:00
ORD-00005033,CUST-000262,SKU-00125,5,904.77,15,shipped,INR,mobile_app,user4@example.com,2026-08-22,2026-08-22 06:46:00
ORD-00005034,CUST-000284,SKU-00104,3,-99.99,10,shipped,INR,mobile_app,user241@example.com,2026-08-22,2026-08-22 11:23:00
ORD-00005035,CUST-000403,SKU-00074,8,800.7,0,shipped,INR,retail_store,user455@example.com,2026-08-22,2026-08-22 10:13:00
ORD-00005036,CUST-000134,SKU-00192,1,873.34,5,shipped,USD,phone,user58@example.com,2026-08-22,2026-08-22 07:08:00
BADORDER318,CUST-000236,SKU-00095,3,266.57,0,shipped,USD,retail_store,user202@example.com,2026-08-22,2026-08-22 09:48:00
ORD-00005038,CUST-000192,SKU-00188,4,1040.78,20,pending,USD,marketplace,user190@example.com,2026-08-22,2026-08-22 23:41:00
ORD-00005039,CUST-000147,SKU-00198,8,354.76,10,confirmed,EUR,retail_store,user91@example.com,2026-08-22,2026-08-22 04:51:00
ORD-00005040,CUST-000220,SKU-00001,5,741.04,0,returned,USD,phone,user31@example.com,2026-08-22,2026-08-22 15:04:00
ORD-00005041,CUST-000131,SKU-00081,1,81.04,10,delivered,INR,retail_store,user140@example.com,2026-08-22,2026-08-22 03:40:00
ORD-00005042,CUST-000123,SKU-00154,8,985.62,10,delivered,INR,phone,user126@example.com,2026-08-22,2026-08-22 21:55:00
ORD-00005043,CUST-000314,SKU-00197,4,1135.73,0,confirmed,USD,mobile_app,user270@example.com,2026-08-22,2026-08-22 14:52:00
ORD-00005044,CUST-000108,SKU-00142,7,834.44,15,delivered,INR,phone,user77@example.com,2026-08-22,2026-08-22 11:32:00
ORD-00005045,CUST-000108,SKU-00143,2,1439.71,20,delivered,EUR,web,user467@example.com,2026-08-22,2026-08-22 12:22:00
ORD-00005046,CUST-000128,SKU-00086,3,1116.22,0,shipped,GBP,phone,user427@example.com,2026-08-22,2026-08-22 22:40:00
ORD-00005047,CUST-000500,SKU-00126,4,724.04,0,delivered,USD,web,user297@example.com,2026-08-22,2026-08-22 19:33:00
ORD-00005048,CUST-000265,SKU-00066,1,570.34,10,shipped,INR,mobile_app,user476@example.com,2026-08-22,2026-08-22 09:11:00
ORD-00005049,CUST-000203,SKU-00119,6,93.81,0,returned,USD,retail_store,user95@example.com,2026-08-22,2026-08-22 17:05:00
ORD-00005050,CUST-000226,SKU-00117,1,678.69,15,returned,GBP,phone,user437@example.com,2026-08-22,2026-08-22 13:28:00
ORD-00005051,CUST-000247,SKU-00020,4,1054.23,10,returned,EUR,web,user184@example.com,2026-08-22,2026-08-22 20:36:00
ORD-00005052,CUST-000221,SKU-00129,8,403.04,20,delivered,INR,mobile_app,user17@example.com,2026-08-22,2026-08-22 11:13:00
ORD-00005053,CUST-000343,SKU-00109,8,426.7,0,returned,USD,web,user29@example.com,2026-08-22,2026-08-22 22:15:00
ORD-00005054,CUST-000285,SKU-00178,4,233.93,5,shipped,USD,web,user271@example.com,2026-08-22,2026-08-22 17:17:00
ORD-00005055,CUST-000422,SKU-00105,2,924.25,20,shipped,USD,phone,user155@example.com,2026-08-22,2026-08-22 00:25:00
ORD-00005056,CUST-000498,SKU-00121,4,1417.07,0,shipped,USD,mobile_app,user307@example.com,2026-08-22,2026-08-22 17:22:00
ORD-00005057,CUST-000414,SKU-00102,8,1150.09,15,delivered,USD,web,user239@example.com,2026-08-22,2026-08-22 04:35:00
ORD-00005058,CUST-000261,SKU-00166,5,1266.49,15,delivered,INR,web,user14@example.com,2026-08-22,2026-08-22 18:39:00
ORD-00005059,CUST-000352,SKU-00180,7,655.07,10,confirmed,INR,marketplace,user331@example.com,2026-08-22,2026-08-22 10:44:00
ORD-00005060,CUST-000034,SKU-00069,1,1395.23,10,pending,INR,retail_store,user383@example.com,2026-08-22,2026-08-22 07:22:00
ORD-00005061,CUST-000116,SKU-00074,8,567.06,20,shipped,EUR,marketplace,user317@example.com,2026-08-22,2026-08-22 18:25:00
ORD-00005062,CUST-000250,SKU-00128,2,1076.0,15,cancelled,INR,retail_store,user234@example.com,2026-08-22,2026-08-22 04:09:00
ORD-00005063,CUST-000220,SKU-00079,3,218.95,20,cancelled,INR,web,user388@example.com,2026-08-22,2026-08-22 10:59:00
ORD-00005064,CUST-000018,SKU-00003,4,361.52,0,shipped,USD,marketplace,user380@example.com,2026-08-22,2026-08-22 01:54:00
ORD-00005065,CUST-000413,SKU-00157,8,1264.82,5,delivered,Dollars,phone,user125@example.com,2026-08-22,2026-08-22 17:44:00
ORD-00005066,CUST-000056,SKU-00065,1,1346.5,0,confirmed,INR,phone,user347@example.com,2026-08-22,2026-08-22 00:07:00
ORD-00005067,CUST-000447,SKU-00019,7,777.46,0,delivered,GBP,retail_store,user176@example.com,2026-08-22,2026-08-22 00:03:00
ORD-00005068,CUST-000440,SKU-00198,1,608.59,10,delivered,EUR,marketplace,user272@example.com,2026-08-22,2026-08-22 11:59:00
ORD-00005069,CUST-000458,SKU-00170,4,1301.0,0,delivered,GBP,marketplace,user164@example.com,2026-08-22,2026-08-22 11:27:00
ORD-00005070,CUST-000093,SKU-00033,6,280.64,0,shipped,EUR,phone,user159@example.com,2026-08-22,2026-08-22 08:49:00
ORD-00005071,CUST-000411,SKU-00199,2,290.79,10,delivered,INR,retail_store,user206@example.com,2026-08-22,2026-08-22 18:38:00
ORD-00005072,CUST-000027,SKU-00062,4,319.25,10,confirmed,USD,marketplace,user301@example.com,2026-08-22,2026-08-22 01:30:00
ORD-00005073,CUST-000338,SKU-00173,1,529.05,20,shipped,USD,web,user7@example.com,2026-08-22,2026-08-22 13:52:00
ORD-00005074,CUST-000058,SKU-00167,4,621.51,20,confirmed,USD,retail_store,user150@example.com,2026-08-22,2026-08-22 01:45:00
ORD-00005075,CUST-000424,SKU-00049,2,103.26,0,delivered,INR,phone,user118@example.com,2026-08-22,2026-08-22 16:09:00
ORD-00005076,CUST-000068,SKU-00140,2,418.89,5,delivered,GBP,phone,user309@example.com,2026-08-22,2026-08-22 18:56:00
ORD-00005077,CUST-000296,SKU-00061,7,209.36,0,delivered,USD,marketplace,user29@example.com,2026-08-22,2026-08-22 11:09:00
ORD-00005078,CUST-000025,SKU-00083,2,757.67,5,delivered,INR,mobile_app,user381@example.com,2026-08-22,2026-08-22 03:36:00
ORD-00005079,CUST-000210,SKU-00014,2,231.46,0,delivered,INR,phone,user291@example.com,2026-08-22,2026-08-22 13:20:00
ORD-00005080,CUST-000283,SKU-00018,5,922.98,10,returned,USD,web,user305@example.com,2026-08-22,2026-08-22 07:34:00
ORD-00005081,CUST-000158,SKU-00118,7,534.99,0,delivered,USD,retail_store,user329@example.com,2026-08-22,2026-08-22 01:43:00
ORD-00005082,CUST-000235,SKU-00079,6,386.2,10,shipped,USD,retail_store,user79@example.com,2026-08-22,2026-08-22 07:01:00
ORD-00005083,CUST-000201,SKU-00002,1,1251.86,10,delivered,USD,retail_store,user447@example.com,2026-08-22,2026-08-22 03:23:00
ORD-00005084,CUST-000071,SKU-00200,1,1289.72,15,delivered,USD,marketplace,user27@example.com,2026-08-22,2026-08-22 13:25:00
ORD-00005085,CUST-000222,SKU-00015,6,1290.75,20,returned,USD,marketplace,user317@example.com,2026-08-22,2026-08-22 00:53:00
ORD-00005086,CUST-000357,SKU-00118,6,968.73,5,shipped,INR,phone,user109@example.com,2026-08-22,2026-08-22 15:36:00
ORD-00005087,CUST-000475,SKU-00155,4,878.79,0,shipped,USD,mobile_app,user449@example.com,2026-08-22,2026-08-22 18:53:00
ORD-00005088,CUST-000167,SKU-00040,1,1059.77,0,delivered,INR,phone,user375@example.com,2026-08-22,2026-08-22 12:51:00
ORD-00005089,CUST-000014,SKU-00036,1,891.99,5,shipped,INR,retail_store,user37@example.com,2026-08-22,2026-08-22 09:11:00
ORD-00005090,CUST-000117,SKU-00044,5,1015.96,0,confirmed,GBP,phone,user26@example.com,2026-08-22,2026-08-22 04:27:00
ORD-00005091,CUST-000069,SKU-00061,7,1144.78,5,shipped,EUR,phone,user56@example.com,2026-08-22,2026-08-22 07:54:00
ORD-00005092,CUST-000464,SKU-00138,4,19.09,0,confirmed,USD,mobile_app,user128@example.com,2026-08-22,2026-08-22 15:34:00
ORD-00005093,CUST-000198,SKU-00056,1,317.27,20,confirmed,GBP,phone,user227@example.com,2026-08-22,2026-08-22 08:40:00
ORD-00005094,CUST-000214,SKU-00082,3,1206.26,5,cancelled,EUR,retail_store,user212@example.com,2026-08-22,2026-08-22 17:02:00
ORD-00005095,CUST-000021,SKU-00009,6,1380.88,0,delivered,EUR,phone,user337@example.com,2026-08-22,2026-08-22 11:58:00
ORD-00005096,CUST-000168,SKU-00121,4,820.36,20,shipped,GBP,web,user437@example.com,2026-08-22,2026-08-22 10:17:00
ORD-00005097,CUST-000353,SKU-00192,4,1029.42,20,returned,USD,web,user287@example.com,2026-08-22,2026-08-22 20:03:00
ORD-00005098,CUST-000495,SKU-00183,8,685.51,20,shipped,EUR,web,user410@example.com,2026-08-22,2026-08-22 09:56:00
ORD-00005099,CUST-000388,SKU-00163,2,526.55,20,delivered,EUR,marketplace,user219@example.com,2026-08-22,2026-08-22 13:05:00
ORD-00005100,CUST-000233,SKU-00024,6,384.79,0,pending,GBP,marketplace,user213@example.com,2026-08-22,2026-08-22 04:58:00
ORD-00005101,CUST-000275,SKU-00142,7,591.21,0,shipped,INR,marketplace,user121@example.com,2026-08-22,2026-08-22 20:43:00
ORD-00005102,CUST-000477,SKU-00128,7,335.99,5,shipped,INR,marketplace,user317@example.com,2026-08-22,2026-08-22 19:02:00
ORD-00005103,CUST-000142,SKU-00073,3,996.76,20,delivered,USD,phone,user53@example.com,2026-08-22,2026-08-22 13:11:00
ORD-00005104,CUST-000498,SKU-00069,3,576.75,10,delivered,INR,web,user270@example.com,2026-08-22,2026-08-22 20:25:00
ORD-00005105,CUST-000454,SKU-00042,2,473.58,10,delivered,USD,marketplace,user276@example.com,2026-08-22,2026-08-22 01:42:00
ORD-00005106,CUST-000103,SKU-00023,6,1129.79,15,shipped,INR,web,user347@example.com,2026-08-22,2026-08-22 06:22:00
ORD-00005107,CUST-000056,SKU-00114,7,177.61,0,confirmed,INR,retail_store,user97@example.com,2026-08-22,2026-08-22 09:19:00
BADORDER389,CUST-000296,SKU-00050,8,1467.22,5,confirmed,USD,phone,user456@example.com,2026-08-22,2026-08-22 23:07:00
ORD-00005109,CUST-000039,SKU-00157,8,1147.37,15,returned,USD,mobile_app,user452@example.com,2026-08-22,2026-08-22 05:22:00
ORD-00005110,CUST-000268,SKU-00070,6,1002.09,15,confirmed,USD,marketplace,user357@example.com,2026-08-22,2026-08-22 21:43:00
ORD-00005111,CUST-000271,SKU-00115,8,462.18,0,shipped,USD,retail_store,user100@example.com,2026-08-22,2026-08-22 19:30:00
ORD-00005112,CUST-000215,SKU-00027,3,865.46,15,shipped,USD,retail_store,user249@example.com,2026-08-22,2026-08-22 18:36:00
ORD-00005113,CUST-000260,SKU-00063,1,582.22,15,shipped,USD,web,user45@example.com,2026-08-22,2026-08-22 16:02:00
ORD-00005114,CUST-000161,SKU-00020,6,396.97,10,delivered,INR,marketplace,user54@example.com,2026-08-22,2026-08-22 11:59:00
ORD-00005115,CUST-000222,SKU-00061,3,774.7,0,delivered,USD,retail_store,user433@example.com,2026-08-22,2026-08-22 02:42:00
ORD-00005116,CUST-000426,SKU-00167,8,79.55,15,shipped,INR,web,user156@example.com,2026-08-22,2026-08-22 09:20:00
ORD-00005117,CUST-000253,SKU-00177,4,1499.0,0,delivered,USD,marketplace,user196@example.com,2026-08-22,2026-08-22 19:06:00
ORD-00005118,CUST-000345,SKU-00028,5,657.59,5,delivered,USD,web,user180@example.com,2026-08-22,2026-08-22 15:14:00
ORD-00005119,CUST-000459,SKU-00133,4,716.95,0,pending,INR,mobile_app,user137@example.com,2026-08-22,2026-08-22 02:40:00
ORD-00005120,CUST-000008,SKU-00159,8,764.19,0,shipped,INR,retail_store,user329@example.com,2026-08-22,2026-08-22 03:42:00
ORD-00005121,CUST-000053,SKU-00080,5,1356.19,10,shipped,USD,marketplace,user168@example.com,2026-08-22,2026-08-22 17:49:00
ORD-00005122,CUST-000440,SKU-00055,4,817.61,5,delivered,EUR,retail_store,user90@example.com,2026-08-22,2026-08-22 19:25:00
ORD-00005123,CUST-000433,SKU-00133,7,1091.9,0,delivered,USD,phone,user266@example.com,2026-08-22,2026-08-22 02:24:00
ORD-00005124,CUST-000440,SKU-00120,5,797.96,15,confirmed,USD,web,user422@example.com,2026-08-22,2026-08-22 19:38:00
ORD-00005125,CUST-000009,SKU-00080,1,687.87,15,cancelled,USD,marketplace,user2@example.com,2026-08-22,2026-08-22 07:01:00
ORD-00005126,CUST-000002,SKU-00067,1,571.47,0,delivered,USD,phone,user315@example.com,2026-08-22,2026-08-22 01:32:00
ORD-00005127,CUST-000246,SKU-00060,2,1259.25,0,confirmed,USD,retail_store,user123@example.com,2026-08-22,2026-08-22 22:08:00
ORD-00005128,CUST-000106,SKU-00128,8,281.55,0,delivered,INR,marketplace,user31@example.com,2026-08-22,2026-08-22 08:53:00
ORD-00005129,CUST-000333,SKU-00099,4,226.04,0,shipped,USD,retail_store,user120@example.com,2026-08-22,2026-08-22 11:13:00
ORD-00005130,CUST-000085,SKU-00108,6,1266.28,20,delivered,EUR,marketplace,user302@example.com,2026-08-22,2026-08-22 06:03:00
ORD-00005131,CUST-000493,SKU-00145,6,1292.93,5,delivered,INR,marketplace,user50@example.com,2026-08-22,2026-08-22 06:43:00
ORD-00005132,CUST-000301,SKU-00112,6,1215.55,0,confirmed,USD,retail_store,user422@example.com,2026-08-22,2026-08-22 01:45:00
ORD-00005133,CUST-000319,SKU-00181,1,918.21,5,confirmed,USD,web,user359@example.com,2026-08-22,2026-08-22 10:05:00
ORD-00005134,CUST-000125,SKU-00030,5,984.85,20,shipped,USD,web,user312@example.com,2026-08-22,2026-08-22 19:54:00
ORD-00005135,CUST-000223,SKU-00094,2,1054.2,5,shipped,USD,mobile_app,user358@example.com,2026-08-22,2026-08-22 11:59:00
ORD-00005136,CUST-000089,SKU-00110,5,1328.75,0,pending,USD,phone,user338@example.com,2026-08-22,2026-08-22 05:10:00
ORD-00005137,CUST-000105,SKU-00093,4,784.81,20,shipped,EUR,mobile_app,user276@example.com,2026-08-22,2026-08-22 20:38:00
ORD-00005138,CUST-000154,SKU-00095,6,1386.3,10,delivered,USD,web,user329@example.com,2026-08-22,2026-08-22 15:17:00
ORD-00005139,CUST-000306,SKU-00070,8,488.55,10,shipped,USD,marketplace,user162@example.com,2026-08-22,2026-08-22 03:10:00
ORD-00005140,CUST-000104,SKU-00138,6,1492.9,0,shipped,USD,marketplace,user396@example.com,2026-08-22,2026-08-22 14:03:00
ORD-00005141,CUST-000002,SKU-00021,4,127.78,0,confirmed,USD,mobile_app,user330@example.com,2026-08-22,2026-08-22 22:33:00
ORD-00005142,CUST-000108,SKU-00165,8,539.8,20,delivered,USD,web,user155@example.com,2026-08-22,2026-08-22 09:47:00
ORD-00005143,CUST-000172,SKU-00074,4,1238.19,15,delivered,USD,retail_store,user148@example.com,2026-08-22,2026-08-22 18:32:00
ORD-00005144,CUST-000454,SKU-00134,4,930.7,0,delivered,USD,mobile_app,user191@example.com,2026-08-22,2026-08-22 09:13:00
ORD-00005145,CUST-000099,SKU-00088,1,937.9,15,confirmed,INR,mobile_app,user494@example.com,2026-08-22,2026-08-22 02:22:00
ORD-00005146,CUST-000349,SKU-00074,2,739.36,20,shipped,EUR,web,user482@example.com,2026-08-22,2026-08-22 13:34:00
ORD-00005147,CUST-000131,SKU-00121,3,1458.41,0,cancelled,USD,marketplace,user213@example.com,2026-08-22,2026-08-22 03:01:00
ORD-00005148,CUST-000040,SKU-00010,1,999.38,20,confirmed,USD,mobile_app,user456@example.com,2026-08-22,2026-08-22 03:45:00
ORD-00005149,CUST-000174,SKU-00094,3,320.8,0,confirmed,GBP,retail_store,user306@example.com,2026-08-22,2026-08-22 16:14:00
ORD-00005150,CUST-000285,SKU-00091,3,293.02,0,confirmed,EUR,mobile_app,user210@example.com,2026-08-22,2026-08-22 07:40:00
ORD-00005151,CUST-000383,SKU-00033,3,623.39,0,shipped,USD,retail_store,user55@example.com,2026-08-22,2026-08-22 10:41:00
ORD-00005152,CUST-000064,SKU-00159,1,405.87,5,shipped,GBP,retail_store,user282@example.com,2026-08-22,2026-08-22 16:51:00
ORD-00005153,CUST-000492,SKU-00021,1,1150.55,15,confirmed,USD,phone,user52@example.com,2026-08-22,2026-08-22 06:11:00
ORD-00005154,CUST-000096,SKU-00051,7,808.81,0,delivered,USD,marketplace,user182@example.com,2026-08-22,2026-08-22 08:26:00
ORD-00005155,CUST-000368,SKU-00100,1,317.77,20,delivered,INR,web,user18@example.com,2026-08-22,2026-08-22 10:28:00
ORD-00005156,CUST-000127,SKU-00046,2,854.82,0,delivered,USD,marketplace,user175@example.com,2026-08-22,2026-08-22 10:08:00
ORD-00005157,CUST-000481,SKU-00144,8,1450.8,15,shipped,INR,mobile_app,user323@example.com,2026-08-22,2026-08-22 12:00:00
ORD-00004729,CUST-000263,SKU-00078,1,267.2,0,delivered,INR,retail_store,user294@example.com,2026-08-22,2026-08-22 23:59:00
